{
  "project_info": {
    "project_number": "test",
    "project_id": "weatherapp-test"
  },
  "client": [
    {
      "client_info": {
        "mobilesdk_app_id": "1:test:android:test",
        "android_client_info": {
          "package_name": "rcgonzalezf.org.weather"
        }
      },
      "oauth_client": [],
      "api_key": [
        {
          "current_key": "test-test"
        }
      ],
      "services": {
        "analytics_service": {
          "status": 2,
          "analytics_property": {
            "tracking_id": "test"
          }
        },
        "appinvite_service": {
          "status": 1,
          "other_platform_oauth_client": []
        },
        "ads_service": {
          "status": 1
        }
      }
    }
  ],
  "configuration_version": "1"
}