{
  "city": {
    "id": 524901,
    "name": "Moscow",
    "coord": {
      "lon": 37.615555,
      "lat": 55.75222
    },
    "country": "RU",
    "population": 0,
    "sys": {
      "population": 0
    }
  },
  "cod": "400",
  "message": 0.0036,
  "cnt": 40,
  "list": [
    {
      "dt": 1443290400,
      "main": {
        "temp": 290.55,
        "temp_min": 290.55,
        "temp_max": 293.486,
        "pressure": 1012.2,
        "sea_level": 1031.93,
        "grnd_level": 1012.2,
        "humidity": 37,
        "temp_kf": -2.94
      },
      "weather": [
        {
          "id": 800,
          "main": "Clear",
          "description": "sky is clear",
          "icon": "02n"
        }
      ],
      "clouds": {
        "all": 8
      },
      "wind": {
        "speed": 3.69,
        "deg": 186.002
      },
      "sys": {
        "pod": "n"
      },
      "dt_txt": "2015-09-26 18:00:00"
    },
    {
      "dt": 1443301200,
      "main": {
        "temp": 288.79,
        "temp_min": 288.79,
        "temp_max": 291.567,
        "pressure": 1011.79,
        "sea_level": 1031.56,
        "grnd_level": 1011.79,
        "humidity": 40,
        "temp_kf": -2.78
      },
      "weather": [
        {
          "id": 802,
          "main": "Clouds",
          "description": "scattered clouds",
          "icon": "03n"
        }
      ],
      "clouds": {
        "all": 36
      },
      "wind": {
        "speed": 3.67,
        "deg": 179.003
      },
      "sys": {
        "pod": "n"
      },
      "dt_txt": "2015-09-26 21:00:00"
    },
    {
      "dt": 1443312000,
      "main": {
        "temp": 288.22,
        "temp_min": 288.22,
        "temp_max": 290.847,
        "pressure": 1011.16,
        "sea_level": 1030.94,
        "grnd_level": 1011.16,
        "humidity": 40,
        "temp_kf": -2.63
      },
      "weather": [
        {
          "id": 800,
          "main": "Clear",
          "description": "sky is clear",
          "icon": "02n"
        }
      ],
      "clouds": {
        "all": 8
      },
      "wind": {
        "speed": 3.87,
        "deg": 184.002
      },
      "sys": {
        "pod": "n"
      },
      "dt_txt": "2015-09-27 00:00:00"
    },
    {
      "dt": 1443322800,
      "main": {
        "temp": 286.14,
        "temp_min": 286.14,
        "temp_max": 288.614,
        "pressure": 1011.15,
        "sea_level": 1030.76,
        "grnd_level": 1011.15,
        "humidity": 40,
        "temp_kf": -2.47
      },
      "weather": [
        {
          "id": 800,
          "main": "Clear",
          "description": "sky is clear",
          "icon": "02n"
        }
      ],
      "clouds": {
        "all": 8
      },
      "wind": {
        "speed": 3.86,
        "deg": 188
      },
      "sys": {
        "pod": "n"
      },
      "dt_txt": "2015-09-27 03:00:00"
    },
    {
      "dt": 1443333600,
      "main": {
        "temp": 289.07,
        "temp_min": 289.07,
        "temp_max": 291.392,
        "pressure": 1010.67,
        "sea_level": 1030.39,
        "grnd_level": 1010.67,
        "humidity": 39,
        "temp_kf": -2.32
      },
      "weather": [
        {
          "id": 800,
          "main": "Clear",
          "description": "sky is clear",
          "icon": "01d"
        }
      ],
      "clouds": {
        "all": 0
      },
      "wind": {
        "speed": 4.11,
        "deg": 188.505
      },
      "sys": {
        "pod": "d"
      },
      "dt_txt": "2015-09-27 06:00:00"
    },
    {
      "dt": 1443344400,
      "main": {
        "temp": 293.64,
        "temp_min": 293.64,
        "temp_max": 295.808,
        "pressure": 1010.18,
        "sea_level": 1029.72,
        "grnd_level": 1010.18,
        "humidity": 38,
        "temp_kf": -2.16
      },
      "weather": [
        {
          "id": 800,
          "main": "Clear",
          "description": "sky is clear",
          "icon": "02d"
        }
      ],
      "clouds": {
        "all": 8
      },
      "wind": {
        "speed": 5.12,
        "deg": 189.001
      },
      "sys": {
        "pod": "d"
      },
      "dt_txt": "2015-09-27 09:00:00"
    },
    {
      "dt": 1443355200,
      "main": {
        "temp": 295.4,
        "temp_min": 295.4,
        "temp_max": 297.409,
        "pressure": 1008.99,
        "sea_level": 1028.41,
        "grnd_level": 1008.99,
        "humidity": 34,
        "temp_kf": -2.01
      },
      "weather": [
        {
          "id": 802,
          "main": "Clouds",
          "description": "scattered clouds",
          "icon": "03d"
        }
      ],
      "clouds": {
        "all": 48
      },
      "wind": {
        "speed": 6.57,
        "deg": 193.002
      },
      "sys": {
        "pod": "d"
      },
      "dt_txt": "2015-09-27 12:00:00"
    },
    {
      "dt": 1443366000,
      "main": {
        "temp": 294.56,
        "temp_min": 294.56,
        "temp_max": 296.416,
        "pressure": 1008.31,
        "sea_level": 1027.86,
        "grnd_level": 1008.31,
        "humidity": 34,
        "temp_kf": -1.85
      },
      "weather": [
        {
          "id": 804,
          "main": "Clouds",
          "description": "overcast clouds",
          "icon": "04d"
        }
      ],
      "clouds": {
        "all": 92
      },
      "wind": {
        "speed": 5.77,
        "deg": 199.002
      },
      "sys": {
        "pod": "d"
      },
      "dt_txt": "2015-09-27 15:00:00"
    },
    {
      "dt": 1443376800,
      "main": {
        "temp": 293.85,
        "temp_min": 293.85,
        "temp_max": 295.549,
        "pressure": 1007.83,
        "sea_level": 1027.36,
        "grnd_level": 1007.83,
        "humidity": 37,
        "temp_kf": -1.7
      },
      "weather": [
        {
          "id": 804,
          "main": "Clouds",
          "description": "overcast clouds",
          "icon": "04n"
        }
      ],
      "clouds": {
        "all": 92
      },
      "wind": {
        "speed": 5.37,
        "deg": 199.002
      },
      "sys": {
        "pod": "n"
      },
      "dt_txt": "2015-09-27 18:00:00"
    },
    {
      "dt": 1443387600,
      "main": {
        "temp": 293.78,
        "temp_min": 293.78,
        "temp_max": 295.327,
        "pressure": 1006.68,
        "sea_level": 1026.34,
        "grnd_level": 1006.68,
        "humidity": 43,
        "temp_kf": -1.55
      },
      "weather": [
        {
          "id": 804,
          "main": "Clouds",
          "description": "overcast clouds",
          "icon": "04n"
        }
      ],
      "clouds": {
        "all": 88
      },
      "wind": {
        "speed": 5.92,
        "deg": 202.501
      },
      "sys": {
        "pod": "n"
      },
      "dt_txt": "2015-09-27 21:00:00"
    },
    {
      "dt": 1443398400,
      "main": {
        "temp": 291.93,
        "temp_min": 291.93,
        "temp_max": 293.32,
        "pressure": 1006.83,
        "sea_level": 1026.66,
        "grnd_level": 1006.83,
        "humidity": 62,
        "temp_kf": -1.39
      },
      "weather": [
        {
          "id": 804,
          "main": "Clouds",
          "description": "overcast clouds",
          "icon": "04n"
        }
      ],
      "clouds": {
        "all": 88
      },
      "wind": {
        "speed": 7,
        "deg": 222.5
      },
      "sys": {
        "pod": "n"
      },
      "dt_txt": "2015-09-28 00:00:00"
    },
    {
      "dt": 1443409200,
      "main": {
        "temp": 285.22,
        "temp_min": 285.22,
        "temp_max": 286.461,
        "pressure": 1010.96,
        "sea_level": 1030.82,
        "grnd_level": 1010.96,
        "humidity": 75,
        "temp_kf": -1.24
      },
      "weather": [
        {
          "id": 500,
          "main": "Rain",
          "description": "light rain",
          "icon": "10n"
        }
      ],
      "clouds": {
        "all": 92
      },
      "wind": {
        "speed": 6.26,
        "deg": 297.503
      },
      "rain": {
        "3h": 0.09
      },
      "sys": {
        "pod": "n"
      },
      "dt_txt": "2015-09-28 03:00:00"
    },
    {
      "dt": 1443420000,
      "main": {
        "temp": 284.81,
        "temp_min": 284.81,
        "temp_max": 285.896,
        "pressure": 1014.21,
        "sea_level": 1034.07,
        "grnd_level": 1014.21,
        "humidity": 66,
        "temp_kf": -1.08
      },
      "weather": [
        {
          "id": 802,
          "main": "Clouds",
          "description": "scattered clouds",
          "icon": "03d"
        }
      ],
      "clouds": {
        "all": 36
      },
      "wind": {
        "speed": 5.11,
        "deg": 299.505
      },
      "rain": {},
      "sys": {
        "pod": "d"
      },
      "dt_txt": "2015-09-28 06:00:00"
    },
    {
      "dt": 1443430800,
      "main": {
        "temp": 287.16,
        "temp_min": 287.16,
        "temp_max": 288.091,
        "pressure": 1016.08,
        "sea_level": 1035.91,
        "grnd_level": 1016.08,
        "humidity": 53,
        "temp_kf": -0.93
      },
      "weather": [
        {
          "id": 800,
          "main": "Clear",
          "description": "sky is clear",
          "icon": "01d"
        }
      ],
      "clouds": {
        "all": 0
      },
      "wind": {
        "speed": 4.37,
        "deg": 300.001
      },
      "rain": {},
      "sys": {
        "pod": "d"
      },
      "dt_txt": "2015-09-28 09:00:00"
    },
    {
      "dt": 1443441600,
      "main": {
        "temp": 288.15,
        "temp_min": 288.15,
        "temp_max": 288.923,
        "pressure": 1017.23,
        "sea_level": 1036.92,
        "grnd_level": 1017.23,
        "humidity": 50,
        "temp_kf": -0.77
      },
      "weather": [
        {
          "id": 801,
          "main": "Clouds",
          "description": "few clouds",
          "icon": "02d"
        }
      ],
      "clouds": {
        "all": 12
      },
      "wind": {
        "speed": 3.47,
        "deg": 298.001
      },
      "rain": {},
      "sys": {
        "pod": "d"
      },
      "dt_txt": "2015-09-28 12:00:00"
    },
    {
      "dt": 1443452400,
      "main": {
        "temp": 285.98,
        "temp_min": 285.98,
        "temp_max": 286.597,
        "pressure": 1018.06,
        "sea_level": 1038.02,
        "grnd_level": 1018.06,
        "humidity": 53,
        "temp_kf": -0.62
      },
      "weather": [
        {
          "id": 800,
          "main": "Clear",
          "description": "sky is clear",
          "icon": "01d"
        }
      ],
      "clouds": {
        "all": 0
      },
      "wind": {
        "speed": 2.88,
        "deg": 304.504
      },
      "rain": {},
      "sys": {
        "pod": "d"
      },
      "dt_txt": "2015-09-28 15:00:00"
    },
    {
      "dt": 1443463200,
      "main": {
        "temp": 281.97,
        "temp_min": 281.97,
        "temp_max": 282.429,
        "pressure": 1019.15,
        "sea_level": 1039.19,
        "grnd_level": 1019.15,
        "humidity": 75,
        "temp_kf": -0.46
      },
      "weather": [
        {
          "id": 800,
          "main": "Clear",
          "description": "sky is clear",
          "icon": "01n"
        }
      ],
      "clouds": {
        "all": 0
      },
      "wind": {
        "speed": 2.31,
        "deg": 312.001
      },
      "rain": {},
      "sys": {
        "pod": "n"
      },
      "dt_txt": "2015-09-28 18:00:00"
    },
    {
      "dt": 1443474000,
      "main": {
        "temp": 279.03,
        "temp_min": 279.03,
        "temp_max": 279.336,
        "pressure": 1019.85,
        "sea_level": 1039.93,
        "grnd_level": 1019.85,
        "humidity": 94,
        "temp_kf": -0.31
      },
      "weather": [
        {
          "id": 800,
          "main": "Clear",
          "description": "sky is clear",
          "icon": "01n"
        }
      ],
      "clouds": {
        "all": 0
      },
      "wind": {
        "speed": 1.32,
        "deg": 311.5
      },
      "rain": {},
      "sys": {
        "pod": "n"
      },
      "dt_txt": "2015-09-28 21:00:00"
    },
    {
      "dt": 1443484800,
      "main": {
        "temp": 278.51,
        "temp_min": 278.51,
        "temp_max": 278.663,
        "pressure": 1020.14,
        "sea_level": 1040.45,
        "grnd_level": 1020.14,
        "humidity": 90,
        "temp_kf": -0.15
      },
      "weather": [
        {
          "id": 803,
          "main": "Clouds",
          "description": "broken clouds",
          "icon": "04n"
        }
      ],
      "clouds": {
        "all": 68
      },
      "wind": {
        "speed": 1.57,
        "deg": 316.001
      },
      "rain": {},
      "sys": {
        "pod": "n"
      },
      "dt_txt": "2015-09-29 00:00:00"
    },
    {
      "dt": 1443495600,
      "main": {
        "temp": 278.454,
        "temp_min": 278.454,
        "temp_max": 278.454,
        "pressure": 1020.86,
        "sea_level": 1041.14,
        "grnd_level": 1020.86,
        "humidity": 93,
        "temp_kf": 0
      },
      "weather": [
        {
          "id": 802,
          "main": "Clouds",
          "description": "scattered clouds",
          "icon": "03n"
        }
      ],
      "clouds": {
        "all": 48
      },
      "wind": {
        "speed": 1.57,
        "deg": 333.502
      },
      "rain": {},
      "sys": {
        "pod": "n"
      },
      "dt_txt": "2015-09-29 03:00:00"
    },
    {
      "dt": 1443506400,
      "main": {
        "temp": 283.304,
        "temp_min": 283.304,
        "temp_max": 283.304,
        "pressure": 1021.74,
        "sea_level": 1041.87,
        "grnd_level": 1021.74,
        "humidity": 72,
        "temp_kf": 0
      },
      "weather": [
        {
          "id": 803,
          "main": "Clouds",
          "description": "broken clouds",
          "icon": "04d"
        }
      ],
      "clouds": {
        "all": 64
      },
      "wind": {
        "speed": 1.68,
        "deg": 4.50946
      },
      "rain": {},
      "sys": {
        "pod": "d"
      },
      "dt_txt": "2015-09-29 06:00:00"
    },
    {
      "dt": 1443517200,
      "main": {
        "temp": 285.615,
        "temp_min": 285.615,
        "temp_max": 285.615,
        "pressure": 1022.03,
        "sea_level": 1042.03,
        "grnd_level": 1022.03,
        "humidity": 56,
        "temp_kf": 0
      },
      "weather": [
        {
          "id": 803,
          "main": "Clouds",
          "description": "broken clouds",
          "icon": "04d"
        }
      ],
      "clouds": {
        "all": 80
      },
      "wind": {
        "speed": 2.76,
        "deg": 25.0009
      },
      "rain": {},
      "sys": {
        "pod": "d"
      },
      "dt_txt": "2015-09-29 09:00:00"
    },
    {
      "dt": 1443528000,
      "main": {
        "temp": 286.266,
        "temp_min": 286.266,
        "temp_max": 286.266,
        "pressure": 1021.75,
        "sea_level": 1041.77,
        "grnd_level": 1021.75,
        "humidity": 54,
        "temp_kf": 0
      },
      "weather": [
        {
          "id": 803,
          "main": "Clouds",
          "description": "broken clouds",
          "icon": "04d"
        }
      ],
      "clouds": {
        "all": 80
      },
      "wind": {
        "speed": 3.03,
        "deg": 33.502
      },
      "rain": {},
      "sys": {
        "pod": "d"
      },
      "dt_txt": "2015-09-29 12:00:00"
    },
    {
      "dt": 1443538800,
      "main": {
        "temp": 285.349,
        "temp_min": 285.349,
        "temp_max": 285.349,
        "pressure": 1022.07,
        "sea_level": 1042.09,
        "grnd_level": 1022.07,
        "humidity": 53,
        "temp_kf": 0
      },
      "weather": [
        {
          "id": 804,
          "main": "Clouds",
          "description": "overcast clouds",
          "icon": "04d"
        }
      ],
      "clouds": {
        "all": 88
      },
      "wind": {
        "speed": 3.12,
        "deg": 36
      },
      "rain": {},
      "sys": {
        "pod": "d"
      },
      "dt_txt": "2015-09-29 15:00:00"
    },
    {
      "dt": 1443549600,
      "main": {
        "temp": 284.465,
        "temp_min": 284.465,
        "temp_max": 284.465,
        "pressure": 1022.51,
        "sea_level": 1042.8,
        "grnd_level": 1022.51,
        "humidity": 61,
        "temp_kf": 0
      },
      "weather": [
        {
          "id": 804,
          "main": "Clouds",
          "description": "overcast clouds",
          "icon": "04n"
        }
      ],
      "clouds": {
        "all": 92
      },
      "wind": {
        "speed": 3.55,
        "deg": 39.0005
      },
      "rain": {},
      "sys": {
        "pod": "n"
      },
      "dt_txt": "2015-09-29 18:00:00"
    },
    {
      "dt": 1443560400,
      "main": {
        "temp": 283.712,
        "temp_min": 283.712,
        "temp_max": 283.712,
        "pressure": 1022.77,
        "sea_level": 1043.05,
        "grnd_level": 1022.77,
        "humidity": 70,
        "temp_kf": 0
      },
      "weather": [
        {
          "id": 500,
          "main": "Rain",
          "description": "light rain",
          "icon": "10n"
        }
      ],
      "clouds": {
        "all": 92
      },
      "wind": {
        "speed": 4.21,
        "deg": 42.001
      },
      "rain": {
        "3h": 0.0225
      },
      "sys": {
        "pod": "n"
      },
      "dt_txt": "2015-09-29 21:00:00"
    },
    {
      "dt": 1443571200,
      "main": {
        "temp": 282.789,
        "temp_min": 282.789,
        "temp_max": 282.789,
        "pressure": 1023.06,
        "sea_level": 1043.34,
        "grnd_level": 1023.06,
        "humidity": 75,
        "temp_kf": 0
      },
      "weather": [
        {
          "id": 500,
          "main": "Rain",
          "description": "light rain",
          "icon": "10n"
        }
      ],
      "clouds": {
        "all": 92
      },
      "wind": {
        "speed": 4.17,
        "deg": 48.0014
      },
      "rain": {
        "3h": 0.05
      },
      "sys": {
        "pod": "n"
      },
      "dt_txt": "2015-09-30 00:00:00"
    },
    {
      "dt": 1443582000,
      "main": {
        "temp": 282.103,
        "temp_min": 282.103,
        "temp_max": 282.103,
        "pressure": 1023.38,
        "sea_level": 1043.79,
        "grnd_level": 1023.38,
        "humidity": 76,
        "temp_kf": 0
      },
      "weather": [
        {
          "id": 500,
          "main": "Rain",
          "description": "light rain",
          "icon": "10n"
        }
      ],
      "clouds": {
        "all": 80
      },
      "wind": {
        "speed": 4.52,
        "deg": 48.0017
      },
      "rain": {
        "3h": 0.025
      },
      "sys": {
        "pod": "n"
      },
      "dt_txt": "2015-09-30 03:00:00"
    },
    {
      "dt": 1443592800,
      "main": {
        "temp": 282.344,
        "temp_min": 282.344,
        "temp_max": 282.344,
        "pressure": 1024.27,
        "sea_level": 1044.62,
        "grnd_level": 1024.27,
        "humidity": 65,
        "temp_kf": 0
      },
      "weather": [
        {
          "id": 803,
          "main": "Clouds",
          "description": "broken clouds",
          "icon": "04d"
        }
      ],
      "clouds": {
        "all": 80
      },
      "wind": {
        "speed": 4.86,
        "deg": 48.0029
      },
      "rain": {},
      "sys": {
        "pod": "d"
      },
      "dt_txt": "2015-09-30 06:00:00"
    },
    {
      "dt": 1443603600,
      "main": {
        "temp": 283.799,
        "temp_min": 283.799,
        "temp_max": 283.799,
        "pressure": 1025.02,
        "sea_level": 1045.15,
        "grnd_level": 1025.02,
        "humidity": 56,
        "temp_kf": 0
      },
      "weather": [
        {
          "id": 803,
          "main": "Clouds",
          "description": "broken clouds",
          "icon": "04d"
        }
      ],
      "clouds": {
        "all": 56
      },
      "wind": {
        "speed": 4.76,
        "deg": 55.0007
      },
      "rain": {},
      "sys": {
        "pod": "d"
      },
      "dt_txt": "2015-09-30 09:00:00"
    },
    {
      "dt": 1443614400,
      "main": {
        "temp": 284.529,
        "temp_min": 284.529,
        "temp_max": 284.529,
        "pressure": 1025.05,
        "sea_level": 1045.16,
        "grnd_level": 1025.05,
        "humidity": 53,
        "temp_kf": 0
      },
      "weather": [
        {
          "id": 801,
          "main": "Clouds",
          "description": "few clouds",
          "icon": "02d"
        }
      ],
      "clouds": {
        "all": 20
      },
      "wind": {
        "speed": 4.21,
        "deg": 55.0036
      },
      "rain": {},
      "sys": {
        "pod": "d"
      },
      "dt_txt": "2015-09-30 12:00:00"
    },
    {
      "dt": 1443625200,
      "main": {
        "temp": 282.809,
        "temp_min": 282.809,
        "temp_max": 282.809,
        "pressure": 1025.42,
        "sea_level": 1045.67,
        "grnd_level": 1025.42,
        "humidity": 52,
        "temp_kf": 0
      },
      "weather": [
        {
          "id": 800,
          "main": "Clear",
          "description": "sky is clear",
          "icon": "01d"
        }
      ],
      "clouds": {
        "all": 0
      },
      "wind": {
        "speed": 3.26,
        "deg": 48.0014
      },
      "rain": {},
      "sys": {
        "pod": "d"
      },
      "dt_txt": "2015-09-30 15:00:00"
    },
    {
      "dt": 1443636000,
      "main": {
        "temp": 278.904,
        "temp_min": 278.904,
        "temp_max": 278.904,
        "pressure": 1026.44,
        "sea_level": 1046.92,
        "grnd_level": 1026.44,
        "humidity": 63,
        "temp_kf": 0
      },
      "weather": [
        {
          "id": 800,
          "main": "Clear",
          "description": "sky is clear",
          "icon": "01n"
        }
      ],
      "clouds": {
        "all": 0
      },
      "wind": {
        "speed": 3.01,
        "deg": 43.0066
      },
      "rain": {},
      "sys": {
        "pod": "n"
      },
      "dt_txt": "2015-09-30 18:00:00"
    },
    {
      "dt": 1443646800,
      "main": {
        "temp": 276.378,
        "temp_min": 276.378,
        "temp_max": 276.378,
        "pressure": 1027.02,
        "sea_level": 1047.55,
        "grnd_level": 1027.02,
        "humidity": 72,
        "temp_kf": 0
      },
      "weather": [
        {
          "id": 800,
          "main": "Clear",
          "description": "sky is clear",
          "icon": "01n"
        }
      ],
      "clouds": {
        "all": 0
      },
      "wind": {
        "speed": 2.58,
        "deg": 43.5039
      },
      "rain": {},
      "sys": {
        "pod": "n"
      },
      "dt_txt": "2015-09-30 21:00:00"
    },
    {
      "dt": 1443657600,
      "main": {
        "temp": 274.023,
        "temp_min": 274.023,
        "temp_max": 274.023,
        "pressure": 1027.16,
        "sea_level": 1047.84,
        "grnd_level": 1027.16,
        "humidity": 86,
        "temp_kf": 0
      },
      "weather": [
        {
          "id": 800,
          "main": "Clear",
          "description": "sky is clear",
          "icon": "01n"
        }
      ],
      "clouds": {
        "all": 0
      },
      "wind": {
        "speed": 2.32,
        "deg": 29.5037
      },
      "rain": {},
      "sys": {
        "pod": "n"
      },
      "dt_txt": "2015-10-01 00:00:00"
    },
    {
      "dt": 1443668400,
      "main": {
        "temp": 271.101,
        "temp_min": 271.101,
        "temp_max": 271.101,
        "pressure": 1027.21,
        "sea_level": 1048.11,
        "grnd_level": 1027.21,
        "humidity": 88,
        "temp_kf": 0
      },
      "weather": [
        {
          "id": 800,
          "main": "Clear",
          "description": "sky is clear",
          "icon": "01n"
        }
      ],
      "clouds": {
        "all": 0
      },
      "wind": {
        "speed": 1.17,
        "deg": 18.5004
      },
      "rain": {},
      "sys": {
        "pod": "n"
      },
      "dt_txt": "2015-10-01 03:00:00"
    },
    {
      "dt": 1443679200,
      "main": {
        "temp": 277.976,
        "temp_min": 277.976,
        "temp_max": 277.976,
        "pressure": 1027.31,
        "sea_level": 1047.93,
        "grnd_level": 1027.31,
        "humidity": 67,
        "temp_kf": 0
      },
      "weather": [
        {
          "id": 800,
          "main": "Clear",
          "description": "sky is clear",
          "icon": "01d"
        }
      ],
      "clouds": {
        "all": 0
      },
      "wind": {
        "speed": 1.71,
        "deg": 31.5027
      },
      "rain": {},
      "sys": {
        "pod": "d"
      },
      "dt_txt": "2015-10-01 06:00:00"
    },
    {
      "dt": 1443690000,
      "main": {
        "temp": 282.25,
        "temp_min": 282.25,
        "temp_max": 282.25,
        "pressure": 1026.85,
        "sea_level": 1047.14,
        "grnd_level": 1026.85,
        "humidity": 60,
        "temp_kf": 0
      },
      "weather": [
        {
          "id": 800,
          "main": "Clear",
          "description": "sky is clear",
          "icon": "01d"
        }
      ],
      "clouds": {
        "all": 0
      },
      "wind": {
        "speed": 2.11,
        "deg": 53.5001
      },
      "rain": {},
      "sys": {
        "pod": "d"
      },
      "dt_txt": "2015-10-01 09:00:00"
    },
    {
      "dt": 1443700800,
      "main": {
        "temp": 283.677,
        "temp_min": 283.677,
        "temp_max": 283.677,
        "pressure": 1025.34,
        "sea_level": 1045.48,
        "grnd_level": 1025.34,
        "humidity": 50,
        "temp_kf": 0
      },
      "weather": [
        {
          "id": 800,
          "main": "Clear",
          "description": "sky is clear",
          "icon": "01d"
        }
      ],
      "clouds": {
        "all": 0
      },
      "wind": {
        "speed": 1.76,
        "deg": 64.0023
      },
      "rain": {},
      "sys": {
        "pod": "d"
      },
      "dt_txt": "2015-10-01 12:00:00"
    },
    {
      "dt": 1443711600,
      "main": {
        "temp": 279.712,
        "temp_min": 279.712,
        "temp_max": 279.712,
        "pressure": 1024.19,
        "sea_level": 1044.43,
        "grnd_level": 1024.19,
        "humidity": 56,
        "temp_kf": 0
      },
      "weather": [
        {
          "id": 800,
          "main": "Clear",
          "description": "sky is clear",
          "icon": "01d"
        }
      ],
      "clouds": {
        "all": 0
      },
      "wind": {
        "speed": 1.18,
        "deg": 81.5059
      },
      "rain": {},
      "sys": {
        "pod": "d"
      },
      "dt_txt": "2015-10-01 15:00:00"
    }
  ]
}